--Insert Query
USE TourismGroup8;
INSERT INTO [User] (Name, Phone_Number, Email_ID, Password, Street, City, State, Pincode) VALUES
('Alice Smith', 9876543210, 'alice.smith@example.com', 'password123', '123 Main St', 'New York', 'NY', 100001),
('Bob Johnson', 8765432109, 'bob.johnson@example.com', 'securePass', '456 Oak St', 'Los Angeles', 'CA', 900001),
('Carol White', 7654321098, 'carol.white@example.com', 'myPassword', '789 Pine St', 'Chicago', 'IL', 600001),
('David Brown', 6543210987, 'david.brown@example.com', 'pass1234', '321 Elm St', 'Houston', 'TX', 700001),
('Emma Black', 5432109876, 'emma.black@example.com', 'black123', '123 Maple St', 'Miami', 'FL', 800001),
('Frank Green', 4321098765, 'frank.green@example.com', 'green123', '456 Cedar St', 'Boston', 'MA', 200001),
('Grace Lee', 3210987654, 'grace.lee@example.com', 'lee12345', '789 Spruce St', 'Seattle', 'WA', 980001),
('Hank King', 2109876543, 'hank.king@example.com', 'king123', '111 Ash St', 'Austin', 'TX', 733010),
('Ivy Knight', 1098765432, 'ivy.knight@example.com', 'knight2021', '222 Birch St', 'Denver', 'CO', 802001),
('Jack Frost', 9876543211, 'jack.frost@example.com', 'winterpass', '333 Redwood St', 'San Francisco', 'CA', 941001),
('Laura Craft', 9998887766, 'laura.craft@example.com', 'explorer2024', '444 Pineapple St', 'San Diego', 'CA', 921001),
('Michael Knight', 8887776665, 'michael.knight@example.com', 'knightRider', '555 Mango St', 'Las Vegas', 'NV', 880901),
('Nina Morales', 7776665554, 'nina.morales@example.com', 'safePass123', '666 Papaya St', 'Philadelphia', 'PA', 190101),
('Oscar Wilde', 6665554443, 'oscar.wilde@example.com', 'wildeThing', '777 Grape St', 'San Jose', 'CA', 951001),
('Patricia Neal', 5554443332, 'patricia.neal@example.com', 'tricia2024', '888 Strawberry St', 'Dallas', 'TX', 752001),
('Quentin Blake', 4443332221, 'quentin.blake@example.com', 'quentin2024', '999 Watermelon St', 'Jacksonville', 'FL', 320099),
('Rachel Green', 3332221110, 'rachnnnel.green@example.com', 'centralPerk', '1010 Cherry St', 'Indianapolis', 'IN', 460201),
('Steven Fry', 2221110099, 'steven.fry@example.com', 'fryBatter', '1111 Peach St', 'Columbus', 'OH', 430085),
('Tina Fey', 1110009988, 'tina.fey@example.com', 'feynomenal', '1212 Apricot St', 'Fort Worth', 'TX', 761020),
('Uma Thurman', 9998887777, 'uma.thurman@example.com', 'killBill2024', '1313 Kiwi St', 'Charlotte', 'NC', 280202),
('Alice Wonderland', 9876543210, 'alice.wonderland@example.com', 'Password123', '123 Fairy Tale Rd', 'Magic City', 'Fantasy State', 123456),
('Bob Builder', 8765432109, 'bob.builder@example.com', 'BuildIt!456', '456 Construction Ave', 'Buildtown', 'Construct State', 234567),
('Charlie Chocolate', 7654321098, 'charlie.chocolate@example.com', 'SweetTreat789', '789 Candy Blvd', 'Chocoland', 'Sweet State', 345678),
('Daisy Duke', 6543210987, 'daisy.duke@example.com', 'DukeFamily321', '321 Farm Road', 'Countryville', 'Agriculture State', 456789),
('Ethan Hunt', 5432109876, 'ethan.hunt@example.com', 'MissionImpossible', '654 Spy St', 'Secret City', 'Covert State', 567890),
('Fiona Shrek', 4321098765, 'fiona.shrek@example.com', 'PrincessFiona', '987 Swamp Lane', 'Shrekburg', 'Fairy State', 678901),
('George Jetson', 3210987654, 'george.jetson@example.com', 'Future123', '159 Orbit Way', 'Orbit City', 'Space State', 789012),
('Hannah Montana', 2109876543, 'hannah.montana@example.com', 'BestOfBoth123', '753 Pop Star Blvd', 'Musicville', 'Pop State', 890123),
('Ian Malcolm', 1098765432, 'ian.malcolm@example.com', 'ChaosTheory', '852 Jurassic Ave', 'Dinotown', 'Science State', 901234),
('Jasmine Aladdin', 1987654321, 'jasmine.aladdin@example.com', 'GenieLamp', '951 Agrabah St', 'Desert City', 'Sahara State', 112233),
('Kevin McCallister', 1122334455, 'kevin.mccallister@example.com', 'HomeAlone456', '357 Christmas Tree Rd', 'Suburbia', 'Family State', 223344),
('Lara Croft', 2233445566, 'lara.croft@example.com', 'TombRaider789', '468 Explorer Ln', 'Adventure City', 'Explorer State', 334455),
('Mickey Mouse', 3344556677, 'mickey.mouse@example.com', 'DisneyMagic', '579 Disney Park', 'Disneyville', 'Magic State', 445566),
('Nancy Drew', 4455667788, 'nancy.drew@example.com', 'MysterySolver', '680 Detective Blvd', 'Mystery City', 'Detective State', 556677),
('Oscar the Grouch', 5566778899, 'oscar.grouch@example.com', 'TrashCan123', '791 Sesame St', 'Trashville', 'Green State', 667788),
('Peter Parker', 6677889900, 'peter.parker@example.com', 'SpideySense', '802 Web Sling St', 'Spider City', 'Hero State', 778899),
('Quincy Jones', 7788990011, 'quincy.jones@example.com', 'MusicLegend', '913 Jazz Blvd', 'Music City', 'Jazz State', 889900),
('Rachel Green', 8899001122, 'rachel.green@example.com', 'Fashionista', '124 Central Perk', 'New York', 'NY', 990011),
('Samwise Gamgee', 9900112233, 'samwise.gamgee@example.com', 'LOTRFan', '235 Hobbiton Rd', 'Shire', 'Middle Earth', 101112),
('Tony Stark', 1011121314, 'tony.stark@example.com', 'IronMan', '346 Stark Tower', 'New York', 'NY', 112233),
('Uma Thurman', 1213141516, 'umna.thurman@example.com', 'KillBill', '457 Action St', 'Hollywood', 'CA', 123344);

INSERT INTO Travel_Agency (Name, Location, Contact_Info, Rating) VALUES
('Wanderlust Travel', 'New York', 9988776655, 5),
('Explore More', 'Los Angeles', 8877665544, 4),
('Adventure Time', 'Chicago', 7766554433, 3),
('Global Excursions', 'Miami', 6655443322, 5),
('Getaway Experts', 'Houston', 5544332211, 4),
('Dream Destinations', 'Boston', 4433221100, 3),
('Travel Masters', 'Seattle', 3322110099, 4),
('Exciting Escapes', 'Austin', 2211009988, 5),
('Holiday Planners', 'Denver', 1100998877, 4),
('World Wanderers', 'San Francisco', 9998887766, 5),
('Nomad Worlds', 'San Diego', 9988774433, 4),
('Pathfinders', 'Las Vegas', 8877663322, 5),
('Trailblazers', 'Philadelphia', 7766552211, 3),
('Globetrotters', 'San Jose', 6655441100, 5),
('Voyage Ventures', 'Dallas', 5544330099, 4),
('Quest Journeys', 'Jacksonville', 4433229988, 3),
('Pioneer Travels', 'Indianapolis', 3322118877, 5),
('Expedition Express', 'Columbus', 2211007766, 4),
('Rover Rides', 'Fort Worth', 1100996655, 5),
('Safari Sightseers', 'Charlotte', 9998885544, 4),
('Holiday Escapes', 'Christmastown', 9876543210, 5),
('Festive Getaways', 'Winterville',  8765432109, 4),
('Snowy Travels', 'Snowtown',  7654321098, 4),
('Winter Wonders', 'Frost City',  6543210987, 5),
('Santa s Tours', 'North Pole City',  5432109876, 5),
('Reindeer Rides', 'Polar Town',  4321098765, 3),
('Sleigh Rides Co.', 'Snowfall',  3210987654, 4),
('Frostbite Travels', 'Blizzard City',  2109876543, 2),
('Aurora Adventures', 'Northern Lights',  1987654321, 5),
('Chill Tours', 'Iceberg',  1122334455, 3),
('Glacier Expeditions', 'Glacier Town',  2233445566, 4),
('Polar Expeditions', 'Polar Bear City',  3344556677, 4),
('Icebound Travels', 'Frozen City',  4455667788, 3),
('Crystal Tours', 'Crystal Cove',  5566778899, 5),
('Frosty Getaways', 'Frostville',  6677889900, 4),
('Snowflake Tours', 'Snowflake City',  7788990011, 5),
('Glacial Getaways', 'Glacial Town',  8899001122, 4),
('Ice Magic Travels', 'Magic Ice',  9900112233, 5),
('Winter Bliss', 'Blissful Winter',  1011121314, 4),
('Snow Paradise', 'Paradise City',  1213141516, 5);

INSERT INTO Tourist_Destination (Agency_ID, Name, Location, Popular_Attractions, Rating, Description) VALUES
(1, 'Grand Canyon', 'Arizona', 'Hiking, Scenic Views', 5, 'A breathtaking natural wonder.'),
(2, 'Statue of Liberty', 'New York', 'Historic Sites, Museum', 4, 'Iconic symbol of freedom.'),
(3, 'Disneyland', 'California', 'Theme Park, Rides', 5, 'The happiest place on earth.'),
(4, 'Niagara Falls', 'New York', 'Waterfall, Tours', 5, 'Stunning waterfalls.'),
(5, 'Yellowstone Park', 'Wyoming', 'Wildlife, Geysers', 5, 'Beautiful park with geothermal features.'),
(6, 'Hollywood', 'Los Angeles', 'Walk of Fame, Studios', 4, 'Entertainment capital.'),
(7, 'Yosemite National Park', 'California', 'Hiking, Climbing', 5, 'Majestic natural landscapes.'),
(8, 'Mount Rushmore', 'South Dakota', 'Historic Landmark', 4, 'Iconic presidential carvings.'),
(9, 'Times Square', 'New York', 'Shopping, Theaters', 4, 'Popular commercial hub.'),
(10, 'Golden Gate Bridge', 'San Francisco', 'Scenic Views', 5, 'Famous suspension bridge.'),
(11, 'Everglades', 'Florida', 'Airboat Tours, Wildlife', 4, 'Vast wetlands full of diverse wildlife.'),
(12, 'The Alamo', 'Texas', 'Historic Site, Museum', 4, 'Famous historical battle site.'),
(13, 'Mall of America', 'Minnesota', 'Shopping, Amusement Park', 3, 'Large entertainment and shopping complex.'),
(14, 'Waikiki Beach', 'Hawaii', 'Beaches, Surfing', 5, 'Famous beach with vibrant cultural experiences.'),
(15, 'Bourbon Street', 'Louisiana', 'Nightlife, Live Music', 5, 'Heart of New Orleans nightlife.'),
(16, 'The Space Needle', 'Washington', 'Observation Deck, Dining', 4, 'Iconic tower with panoramic views.'),
(17, 'Pike Place Market', 'Washington', 'Shopping, Food', 4, 'Historic public market known for fresh produce.'),
(18, 'The Liberty Bell', 'Pennsylvania', 'Historic Landmark, Museum', 3, 'Symbol of American independence.'),
(19, 'Central Park', 'New York', 'Outdoor Activities, Zoo', 5, 'Famous urban park in NYC.'),
(20, 'Las Vegas Strip', 'Nevada', 'Casinos, Shows', 5, 'Renowned for its vibrant nightlife and casinos.'),
(21, 'Winter Wonderland', 'Snowstate', 'Ice Sculptures, Christmas Markets', 4, 'An enchanting winter destination full of seasonal activities.'),
(22, 'Frostbite Falls', 'Winterville', 'Ice Hockey Rinks, Snow Festivals', 3, 'A lively town known for its ice sports and festivals.'),
(23, 'Polar Paradise', 'Polar Bear City', 'Northern Lights, Polar Bear Viewing', 5, 'Experience the serene beauty of the polar regions.'),
(24, 'Glacier Bay', 'Glacier Town', 'Glacier Hiking, Ice Climbing', 4, 'Adventure awaits in the heart of glaciers.'),
(25, 'Snowy Peaks', 'Snowtown', 'Ski Resorts, Snowboarding Parks', 5, 'Top destination for winter sports enthusiasts.'),
(26, 'Iceberg Isle', 'Iceberg', 'Iceberg Cruises, Seal Watching', 3, 'Explore majestic icebergs and marine life.'),
(27, 'Crystal Caverns', 'Crystal Cove', 'Crystal Formations, Winter Caving', 5, 'Discover the beauty of crystalline caves in winter.'),
(28, 'Frosty Forest', 'Frozen City', 'Snow Trails, Wildlife Watching', 4, 'A tranquil forest blanketed in snow.'),
(29, 'Blizzard Bay', 'Blizzard City', 'Snowboarding, Snowmobile Trails', 3, 'Thrilling snow activities in a dynamic landscape.'),
(30, 'Aurora Ridge', 'Northern Lights', 'Aurora Borealis Viewing, Snow Camping', 5, 'Witness the stunning Northern Lights in a picturesque setting.'),
(31, 'Sleigh Ride City', 'Snowfall', 'Sleigh Rides, Winter Markets', 4, 'Enjoy traditional sleigh rides and local markets.'),
(32, 'Chillville', 'Ice Magic', 'Ice Sculpting, Winter Festivals', 5, 'A vibrant city known for its artistic ice sculptures and festivities.'),
(33, 'Snowflake Shores', 'Snowflake City', 'Beach Bonfires, Snow Swimming', 4, 'Unique winter beach experiences under snowy skies.'),
(34, 'Glacial Gardens', 'Glacial Town', 'Ice Gardens, Winter Wildlife', 4, 'Beautiful ice gardens and abundant winter wildlife.'),
(35, 'Icebound Oasis', 'Icebound Blvd', 'Snow Lakes, Ice Fishing', 3, 'Peaceful ice-covered lakes ideal for fishing.'),
(36, 'Winter Bliss Park', 'Blissful Winter', 'Winter Amusements, Snow Play Areas', 4, 'A family-friendly park with various winter attractions.'),
(37, 'Snow Paradise', 'Paradise City', 'Snow Castles, Winter Parades', 5, 'A paradise for snow lovers with grand winter parades.'),
(38, 'Frozen Fantasy', 'Magic Ice', 'Fantasy Ice Sculptures, Winter Shows', 5, 'Immerse yourself in fantastical ice creations and performances.'),
(39, 'Snow Peak', 'Snowtown', 'Mountain Skiing, Winter Hiking', 4, 'High-altitude skiing and hiking adventures.');

INSERT INTO Itinerary (User_ID, Start_Date, End_Date, Destination, City, Total_Cost) VALUES
(1, '2023-12-01', '2023-12-10', 'Grand Canyon', 'Flagstaff', 1200.50),
(2, '2023-11-15', '2023-11-20', 'Statue of Liberty', 'New York', 800.75),
(3, '2023-12-25', '2024-01-05', 'Disneyland', 'Anaheim', 1500.00),
(4, '2024-01-10', '2024-01-15', 'Niagara Falls', 'Buffalo', 950.00),
(5, '2024-02-01', '2024-02-05', 'Yellowstone Park', 'Cody', 1300.00),
(6, '2024-03-15', '2024-03-20', 'Hollywood', 'Los Angeles', 850.00),
(7, '2024-04-10', '2024-04-15', 'Yosemite National Park', 'Fresno', 1250.00),
(8, '2024-05-01', '2024-05-10', 'Mount Rushmore', 'Keystone', 700.00),
(9, '2024-06-01', '2024-06-05', 'Times Square', 'New York', 600.00),
(10, '2024-07-01', '2024-07-10', 'Golden Gate Bridge', 'San Francisco', 1100.00),
(11, '2024-08-01', '2024-08-05', 'Everglades', 'Miami', 950.00),
(12, '2024-08-10', '2024-08-15', 'The Alamo', 'San Antonio', 600.00),
(13, '2024-08-20', '2024-08-25', 'Mall of America', 'Bloomington', 800.00),
(14, '2024-09-01', '2024-09-05', 'Waikiki Beach', 'Honolulu', 1800.00),
(15, '2024-09-10', '2024-09-15', 'Bourbon Street', 'New Orleans', 1000.00),
(16, '2024-09-20', '2024-09-25', 'The Space Needle', 'Seattle', 750.00),
(17, '2024-10-01', '2024-10-05', 'Pike Place Market', 'Seattle', 700.00),
(18, '2024-10-10', '2024-10-15', 'The Liberty Bell', 'Philadelphia', 650.00),
(19, '2024-10-20', '2024-10-25', 'Central Park', 'New York', 1100.00),
(20, '2024-11-01', '2024-11-05', 'Las Vegas Strip', 'Las Vegas', 2000.00),
(21, '2024-12-22', '2024-12-29', 'Winter Wonderland', 'Snowstate', 1500.0),
(22, '2024-12-15', '2024-12-22', 'Frostbite Falls', 'Winterville', 900.0),
(23, '2024-12-18', '2024-12-25', 'Polar Paradise', 'Polar Bear City', 2000.0),
(24, '2024-12-10', '2024-12-17', 'Glacier Bay', 'Glacier Town', 1800.0),
(25, '2024-12-05', '2024-12-12', 'Snowy Peaks', 'Snowtown', 1600.0),
(26, '2024-12-12', '2024-12-19', 'Iceberg Isle', 'Iceberg', 1100.0),
(27, '2024-12-08', '2024-12-15', 'Crystal Caverns', 'Crystal Cove', 1300.0),
(28, '2024-12-14', '2024-12-21', 'Frosty Forest', 'Frozen City', 1000.0),
(29, '2024-12-19', '2024-12-26', 'Blizzard Bay', 'Blizzard City', 1400.0),
(30, '2024-12-01', '2024-12-08', 'Aurora Ridge', 'Northern Lights', 1700.0),
(31, '2024-12-16', '2024-12-23', 'Sleigh Ride City', 'Snowfall', 1250.0),
(32, '2024-12-03', '2024-12-10', 'Chillville', 'Ice Magic', 950.0),
(33, '2024-12-07', '2024-12-14', 'Snowflake Shores', 'Snowflake City', 1150.0),
(34, '2024-12-09', '2024-12-16', 'Glacial Gardens', 'Glacial Town', 1350.0),
(35, '2024-12-11', '2024-12-18', 'Icebound Oasis', 'Icebound Blvd', 1050.0),
(36, '2024-12-13', '2024-12-20', 'Winter Bliss Park', 'Blissful Winter', 1250.0),
(37, '2024-12-17', '2024-12-24', 'Snow Paradise', 'Paradise City', 1450.0),
(38, '2024-12-04', '2024-12-11', 'Frozen Fantasy', 'Magic Ice', 1600.0),
(39, '2024-12-06', '2024-12-13', 'Snow Peak', 'Snowtown', 1150.0);


INSERT INTO Customer_Support (User_ID, Issue_Description, Resolution_Status, Resolution_Date) VALUES
(1, 'Booking issue', 'Resolved', '2023-11-15'),
(2, 'Payment failure', 'Pending', NULL),
(3, 'Account login issue', 'Closed', '2023-10-10'),
(4, 'Itinerary update', 'Resolved', '2023-09-05'),
(5, 'Accommodation complaint', 'Pending', NULL),
(6, 'Guide language issue', 'Resolved', '2023-08-20'),
(7, 'Schedule delay', 'Closed', '2023-07-15'),
(8, 'Transportation issue', 'Resolved', '2023-06-05'),
(9, 'Refund request', 'Pending', NULL),
(10, 'Inquiry about upgrade', 'Resolved', '2023-04-20'),
(11, 'Lost booking information', 'Pending', NULL),
(12, 'Overcharge on credit card', 'Closed', '2023-03-25'),
(13, 'Discount not applied', 'Resolved', '2023-02-18'),
(14, 'Change in travel dates', 'Pending', NULL),
(15, 'Accessibility request', 'Resolved', '2023-01-14'),
(16, 'Missed flight arrangement', 'Closed', '2022-12-09'),
(17, 'Complaint about service', 'Resolved', '2022-11-01'),
(18, 'Request for travel guide', 'Pending', NULL),
(19, 'Cancellation policy question', 'Closed', '2022-10-05'),
(20, 'Booking confirmation not received', 'Resolved', '2022-09-29'),
(21, 'Payment failed during checkout.', 'Pending', NULL),
(22, 'Accommodation not available as per schedule.', 'Closed', '2024-12-16'),
(23, 'Guide did not show up on scheduled date.', 'Resolved', '2024-12-19'),
(24, 'Website crashed while making a booking.', 'Resolved', '2024-12-11'),
(25, 'Received incorrect billing information.', 'Pending', NULL),
(26, 'Unable to access itinerary details.', 'Resolved', '2024-12-14'),
(27, 'Need assistance with travel insurance.', 'Closed', '2024-12-17'),
(28, 'Request for refund due to cancellation.', 'Resolved', '2024-12-20'),
(29, 'Language support issue on website.', 'Pending', NULL),
(30, 'Issues with activity booking confirmation.', 'Resolved', '2024-12-05'),
(31, 'Feedback not reflecting on profile.', 'Closed', '2024-12-10'),
(32, 'Error message while logging in.', 'Resolved', '2024-12-08'),
(33, 'Missing amenities in accommodation.', 'Pending', NULL),
(34, 'Schedule conflicts with booked activities.', 'Resolved', '2024-12-15'),
(35, 'Need to upgrade accommodation.', 'Resolved', '2024-12-18'),
(36, 'Incorrect total cost in itinerary.', 'Closed', '2024-12-19'),
(37, 'Guide language not as per preference.', 'Resolved', '2024-12-23'),
(38, 'Unable to cancel booking.', 'Pending', NULL),
(39, 'Request for additional transport options.', 'Resolved', '2024-12-12');

INSERT INTO Activity (Destination_ID, Name, Description, Location, Duration, Price) VALUES
(1, 'Canyon Hike', 'Guided hiking tour of the canyon.', 'South Rim', 5, 100),
(2, 'Liberty Island Tour', 'Ferry and guided tour of Liberty Island.', 'Liberty Island', 2, 50),
(3, 'Disneyland Day Pass', 'Full day pass for Disneyland.', 'Anaheim', 8, 150),
(4, 'Falls Boat Ride', 'Boat ride at Niagara Falls.', 'Niagara Falls', 1, 40),
(5, 'Wildlife Safari', 'Guided safari in Yellowstone.', 'Yellowstone Park', 3, 120),
(6, 'Studio Tour', 'Hollywood studios tour.', 'Hollywood', 2, 80),
(7, 'Rock Climbing', 'Climbing activity in Yosemite.', 'Yosemite National Park', 4, 60),
(8, 'Rushmore Tour', 'Guided tour of Mount Rushmore.', 'Mount Rushmore', 2, 50),
(9, 'Broadway Show', 'Show tickets in Times Square.', 'Times Square', 3, 100),
(10, 'Bridge Walk', 'Golden Gate Bridge walking tour.', 'Golden Gate Bridge', 2, 30),
(11, 'Airboat Adventure', 'Airboat tour in the Everglades.', 'Everglades', 2, 45),
(12, 'Alamo Historical Tour', 'Guided tour of The Alamo.', 'San Antonio', 1, 35),
(13, 'Mall Shopping Spree', 'Personal shopping assistant in Mall of America.', 'Bloomington', 4, 70),
(14, 'Surfing Lessons', 'Surfing lessons at Waikiki Beach.', 'Waikiki', 3, 95),
(15, 'Jazz Night Out', 'Evening jazz tour on Bourbon Street.', 'New Orleans', 4, 65),
(16, 'Needle Sky Tour', 'Ticket to Space Needle Observation Deck.', 'Seattle', 1, 20),
(17, 'Market Food Tour', 'Food tasting tour at Pike Place Market.', 'Seattle', 2, 50),
(18, 'Liberty Bell Viewing', 'Short tour around the Liberty Bell.', 'Philadelphia', 1, 10),
(19, 'Park Bike Rental', 'Bike rental for touring Central Park.', 'New York', 3, 25),
(20, 'Vegas Night Helicopter Tour', 'Helicopter tour over the Las Vegas Strip.', 'Las Vegas', 2, 200),
(21, 'Ice Skating', 'Glide across a beautifully lit ice rink.', 'Winter Wonderland', 1, 20),
(22, 'Snow Sculpture Contest', 'Participate in or watch snow sculpting competitions.', 'Frostbite Falls', 3, 30),
(23, 'Aurora Borealis Viewing', 'Witness the Northern Lights in their full glory.', 'Polar Paradise', 4, 100),
(24, 'Glacier Hiking', 'Hike across stunning glaciers.', 'Glacier Bay', 5, 150),
(25, 'Skiing and Snowboarding', 'Hit the slopes for skiing and snowboarding.', 'Snowy Peaks', 4, 80),
(26, 'Iceberg Cruise', 'Cruise around majestic icebergs.', 'Iceberg Isle', 3, 60),
(27, 'Cave Exploration', 'Explore the intricate crystal caves.', 'Crystal Caverns', 2, 40),
(28, 'Wildlife Watching', 'Observe winter wildlife in their natural habitat.', 'Frosty Forest', 3, 30),
(29, 'Snowmobile Adventure', 'Ride through snowy trails on snowmobiles.', 'Blizzard Bay', 2, 70),
(30, 'Snow Camping', 'Spend a night camping under the stars with Aurora views.', 'Aurora Ridge', 6, 200),
(31, 'Sleigh Decoration Workshop', 'Decorate your own sleigh for the ride.', 'Sleigh Ride City', 1, 25),
(32, 'Ice Sculpting Workshop', 'Learn the art of ice sculpting.', 'Chillville', 3, 50),
(33, 'Beach Bonfire', 'Enjoy a cozy bonfire on the snowy beach.', 'Snowflake Shores', 2, 20),
(34, 'Ice Garden Tour', 'Tour the stunning ice gardens.', 'Glacial Gardens', 1, 15),
(35, 'Ice Fishing', 'Try your hand at ice fishing.', 'Icebound Oasis', 3, 35),
(36, 'Winter Amusement Park', 'Enjoy rides and attractions in the winter park.', 'Winter Bliss Park', 4, 45),
(37, 'Snow Castle Tour', 'Visit grand snow castles and fortresses.', 'Snow Paradise', 2, 30),
(38, 'Winter Show', 'Watch dazzling winter performances and shows.', 'Frozen Fantasy', 3, 40),
(39, 'Mountain Hiking', 'Hike the snowy mountain peaks.', 'Snow Peak', 5, 90);

INSERT INTO Accommodation (Destination_ID, Name, Street, City, State, Zip_Code, Type, Price_Per_Night, Availability_Status, Rating) VALUES
(1, 'Canyon Lodge', '123 Canyon Rd', 'Flagstaff', 'AZ', 86001, 'Hotel', 120.00, 'Available', 4),
(2, 'Liberty Inn', '45 Liberty St', 'New York', 'NY', 10001, 'Hotel', 200.00, 'Booked', 5),
(3, 'Disney Resort', '789 Disney Ln', 'Anaheim', 'CA', 92802, 'Resort', 300.00, 'Available', 5),
(4, 'Falls Hotel', '111 Falls Rd', 'Buffalo', 'NY', 14201, 'Hotel', 150.00, 'Booked', 4),
(5, 'Yellowstone Cabins', '234 Park Ave', 'Cody', 'WY', 82414, 'Cabin', 100.00, 'Available', 5),
(6, 'Hollywood Suites', '678 Fame Rd', 'Los Angeles', 'CA', 90001, 'Hotel', 180.00, 'Booked', 4),
(7, 'Yosemite Lodge', '345 Mountain Rd', 'El Portal', 'CA', 95318, 'Lodge', 140.00, 'Available', 5),
(8, 'Rushmore Inn', '567 Monument Rd', 'Keystone', 'SD', 57751, 'Inn', 130.00, 'Available', 4),
(9, 'Broadway Hotel', '890 Theater St', 'New York', 'NY', 10036, 'Hotel', 250.00, 'Booked', 5),
(10, 'Golden Gate Inn', '456 Golden Rd', 'San Francisco', 'CA', 94101, 'Inn', 160.00, 'Available', 4),
(11, 'Everglades Retreat', '321 Swamp Rd', 'Miami', 'FL', 33101, 'Resort', 90.00, 'Available', 3),
(12, 'Alamo Guest House', '123 Alamo Pl', 'San Antonio', 'TX', 78205, 'Guesthouse', 85.00, 'Booked', 4),
(13, 'America Inn', '456 Mall Blvd', 'Bloomington', 'MN', 55425, 'Inn', 110.00, 'Available', 3),
(14, 'Waikiki Beach Hotel', '789 Beach Rd', 'Honolulu', 'HI', 96815, 'Hotel', 240.00, 'Booked', 5),
(15, 'New Orleans Motel', '123 Jazz St', 'New Orleans', 'LA', 70112, 'Motel', 70.00, 'Available', 3),
(16, 'Needle View Inn', '456 Space Rd', 'Seattle', 'WA', 98109, 'Inn', 200.00, 'Booked', 5),
(17, 'Pike Place Sleep', '789 Market St', 'Seattle', 'WA', 98101, 'B&B', 130.00, 'Available', 4),
(18, 'Liberty Bell Lodge', '321 History Ln', 'Philadelphia', 'PA', 19106, 'Lodge', 150.00, 'Booked', 4),
(19, 'Central Park Hotel', '123 Park Ave', 'New York', 'NY', 10024, 'Hotel', 300.00, 'Available', 5),
(20, 'Vegas Night Resort', '456 Casino Rd', 'Las Vegas', 'NV', 89109, 'Resort', 350.00, 'Booked', 5),
(21, 'Igloo Retreat', '456 Ice Street', 'Snowstate', 'Snowstate', 654321, 'Igloo', 200.0, 'Available', 4),
(22, 'Frostbite Inn', '789 Chill Ave', 'Winterville', 'Snowstate', 234567, 'Hotel', 120.0, 'Booked', 3),
(23, 'Polar Palace', '101 Iceberg Blvd', 'Polar Bear City', 'Polar State', 345678, 'Resort', 300.0, 'Available', 5),
(24, 'Glacier Hotel', '202 Glacier Rd', 'Glacier Town', 'Glacier State', 456789, 'Hotel', 180.0, 'Available', 4),
(25, 'Snowy Peaks Resort', '303 Ski Lane', 'Snowtown', 'Snowstate', 567890, 'Resort', 250.0, 'Booked', 5),
(26, 'Iceberg Suites', '404 Ice Blvd', 'Iceberg', 'Ice State', 678901, 'Suites', 220.0, 'Available', 3),
(27, 'Crystal Cottages', '505 Crystal St', 'Crystal Cove', 'Crystal State', 789012, 'Cottage', 130.0, 'Available', 5),
(28, 'Frosty Forest Cabin', '606 Snow Trail', 'Frozen City', 'Frozen State', 890123, 'Cabin', 140.0, 'Booked', 4),
(29, 'Blizzard Bay Bungalows', '707 Blizzard Rd', 'Blizzard City', 'Blizzard State', 901234, 'Bungalow', 160.0, 'Available', 3),
(30, 'Aurora Ridge Hotel', '808 Aurora Ave', 'Northern Lights', 'Aurora State', 112233, 'Hotel', 190.0, 'Available', 5),
(31, 'Sleigh Ride Suites', '909 Sleigh St', 'Snowfall', 'Snowfall State', 223344, 'Suites', 210.0, 'Booked', 4),
(32, 'Chillville Chalet', '1010 Chill Blvd', 'Ice Magic', 'Ice Magic State', 334455, 'Chalet', 170.0, 'Available', 5),
(33, 'Snowflake Shores Resort', '1111 Snowflake Ave', 'Snowflake City', 'Snowflake State', 445566, 'Resort', 230.0, 'Available', 4),
(34, 'Glacial Gardens Hotel', '1212 Glacial Rd', 'Glacial Town', 'Glacial State', 556677, 'Hotel', 200.0, 'Booked', 4),
(35, 'Icebound Oasis Inn', '1313 Oasis Blvd', 'Icebound Blvd', 'Icebound State', 667788, 'Inn', 110.0, 'Available', 3),
(36, 'Winter Bliss Lodge', '1414 Bliss Road', 'Blissful Winter', 'Bliss State', 778899, 'Lodge', 160.0, 'Available', 4),
(37, 'Snow Paradise Hotel', '1515 Paradise St', 'Paradise City', 'Paradise State', 889900, 'Hotel', 240.0, 'Booked', 5),
(38, 'Frozen Fantasy Resort', '1616 Fantasy Ave', 'Magic Ice', 'Magic State', 990011, 'Resort', 250.0, 'Available', 5),
(39, 'Snow Peak Chalet', '1717 Peak Rd', 'Snowtown', 'Snowstate', 101112, 'Chalet', 180.0, 'Available', 4);

INSERT INTO Asset (Type, Company_Name, Description, Value) VALUES
('Bus', 'TravelX Transport', 'Tourist bus for group travel.', 50000),
('Van', 'City Van Rentals', 'Van for city tours and short trips.', 30000),
('Car', 'Elite Car Rentals', 'Luxury car for VIPs.', 25000),
('Boat', 'Marine Adventures', 'Boat for river tours.', 45000),
('Helicopter', 'Sky High Tours', 'Helicopter for aerial tours.', 150000),
('Bike', 'Bike Rental Co.', 'Bikes for mountain trails.', 5000),
('Train', 'Regional Rail', 'Train seats for cross-country travel.', 80000),
('SUV', 'All-Terrain Rentals', 'SUV for off-road adventures.', 40000),
('Plane', 'Air Wings', 'Small charter plane for tours.', 200000),
('Kayak', 'Water Sports Co.', 'Kayak for water adventure.', 1000),
('Motorcycle', 'Easy Ride Rentals', 'Motorcycles for road trips.', 15000),
('Scooter', 'City Scooters', 'Electric scooters for urban touring.', 1200),
('RV', 'Holiday Homes on Wheels', 'Recreational vehicles for family trips.', 75000),
('Yacht', 'Luxury Sea Travels', 'Private yacht for sea voyages.', 300000),
('Segway', 'Smooth Rollers', 'Segways for leisure city tours.', 3500),
('Golf Cart', 'Golf Rides', 'Golf carts for resort transportation.', 6000),
('Snowmobile', 'Winter Thrills', 'Snowmobiles for snow-covered regions.', 20000),
('Jet Ski', 'Aqua Fast Rides', 'Jet skis for water sports.', 9000),
('Paraglider', 'Sky Sailors', 'Paragliders for aerial sports.', 4000),
('Camper Van', 'Camp on Wheels', 'Camper vans for self-driven tours.', 55000),
('Bus', 'SnowRide Co.', 'Comfortable buses for group travel.', 50000.0),
('Car', 'Polar Motors', 'Luxury cars for individual bookings.', 30000.0),
('Helicopter', 'SkyHigh Transport', 'Helicopters for exclusive tours.', 150000.0),
('Boat', 'IceCruise Ltd.', 'Boats for iceberg cruises.', 80000.0),
('Train', 'FrostRailways', 'Trains for scenic winter rides.', 120000.0),
('Snowmobile', 'SnowSport Inc.', 'Snowmobiles for adventure activities.', 40000.0),
('Sleigh', 'Reindeer Rides', 'Traditional sleighs for rides.', 25000.0),
('Heli-Bus', 'SkyTransport', 'Hybrid helicopters and buses.', 130000.0),
('Jet Ski', 'IceWave Motors', 'Jet skis for winter water sports.', 35000.0),
('Hot Air Balloon', 'Aurora Balloons', 'Hot air balloons for aerial views.', 90000.0),
('Cable Car', 'MountainLift', 'Cable cars for mountain access.', 70000.0),
('Electric Scooter', 'EcoRide', 'Electric scooters for city tours.', 20000.0),
('Tuk-Tuk', 'SnowTuk Transport', 'Tuk-tuks for short city trips.', 15000.0),
('Bicycle', 'WinterCycles', 'Bicycles for eco-friendly tours.', 10000.0),
('Motorbike', 'FrostBike Co.', 'Motorbikes for adventurous riders.', 25000.0),
('RV', 'WinterRides', 'Recreational vehicles for camping.', 60000.0),
('Segway', 'CityGlide', 'Segways for guided city tours.', 18000.0),
('Golf Cart', 'SnowGolf Transport', 'Golf carts for park tours.', 22000.0),
('ATV', 'Adventure Transport', 'All-terrain vehicles for rugged areas.', 40000.0),
('Kayak', 'IceKayak Ltd.', 'Kayaks for ice water adventures.', 15000.0);

INSERT INTO Schedule (Asset_ID, Departure_Time, Arrival_Time, Price) VALUES
(1, '2024-01-10 08:00:00', '2024-01-10 12:00:00', 100.00),
(2, '2024-01-15 09:00:00', '2024-01-15 12:00:00', 50.00),
(3, '2024-01-20 14:00:00', '2024-01-20 17:00:00', 200.00),
(4, '2024-01-25 08:00:00', '2024-01-25 10:00:00', 75.00),
(5, '2024-02-01 13:00:00', '2024-02-01 15:00:00', 300.00),
(6, '2024-02-05 07:00:00', '2024-02-05 08:00:00', 20.00),
(7, '2024-02-10 06:00:00', '2024-02-10 11:00:00', 150.00),
(8, '2024-02-15 10:00:00', '2024-02-15 14:00:00', 180.00),
(9, '2024-02-20 12:00:00', '2024-02-20 13:30:00', 100.00),
(10, '2024-02-25 08:00:00', '2024-02-25 09:00:00', 30.00),
(11, '2024-03-01 09:00:00', '2024-03-01 11:00:00', 120.00),
(12, '2024-03-05 10:00:00', '2024-03-05 11:30:00', 40.00),
(13, '2024-03-10 15:00:00', '2024-03-10 16:00:00', 90.00),
(14, '2024-03-15 07:00:00', '2024-03-15 12:00:00', 200.00),
(15, '2024-03-20 13:00:00', '2024-03-20 15:30:00', 150.00),
(16, '2024-03-25 08:00:00', '2024-03-25 09:30:00', 80.00),
(17, '2024-03-30 14:00:00', '2024-03-30 16:00:00', 200.00),
(18, '2024-04-04 09:00:00', '2024-04-04 12:00:00', 50.00),
(19, '2024-04-09 08:00:00', '2024-04-09 10:00:00', 110.00),
(20, '2024-04-14 14:00:00', '2024-04-14 18:00:00', 250.00),
(21, '2024-12-21 09:00:00', '2024-12-21 10:00:00', 50.0),
(22, '2024-12-22 07:00:00', '2024-12-22 07:30:00', 200.0),
(23, '2024-12-23 10:00:00', '2024-12-23 11:00:00', 300.0),
(24, '2024-12-24 06:00:00', '2024-12-24 10:00:00', 150.0),
(25, '2024-12-25 14:00:00', '2024-12-25 18:00:00', 120.0),
(26, '2024-12-26 13:00:00', '2024-12-26 17:00:00', 180.0),
(27, '2024-12-27 08:30:00', '2024-12-27 09:30:00', 250.0),
(28, '2024-12-28 11:00:00', '2024-12-28 12:00:00', 100.0),
(29, '2024-12-29 15:00:00', '2024-12-29 17:00:00', 220.0),
(30, '2024-12-30 05:00:00', '2024-12-30 07:00:00', 300.0),
(31, '2024-12-31 20:00:00', '2024-12-31 23:59:00', 400.0),
(32, '2024-12-20 12:00:00', '2024-12-20 13:00:00', 80.0),
(33, '2024-12-21 16:00:00', '2024-12-21 18:00:00', 90.0),
(34, '2024-12-22 19:00:00', '2024-12-22 21:00:00', 110.0),
(35, '2024-12-23 17:00:00', '2024-12-23 19:00:00', 95.0),
(36, '2024-12-24 13:00:00', '2024-12-24 15:00:00', 130.0),
(37, '2024-12-25 10:00:00', '2024-12-25 11:30:00', 60.0),
(38, '2024-12-26 09:00:00', '2024-12-26 10:30:00', 140.0),
(39, '2024-12-27 14:00:00', '2024-12-27 16:00:00', 170.0);

INSERT INTO Tour_Guide (Name, Language, Experience_Years, Contact_Info, Rating) VALUES
('John Doe', 'English', 5, 9876543210, 4),
('Sara Lee', 'Spanish', 8, 8765432109, 5),
('Raj Patel', 'Hindi', 3, 7654321098, 4),
('Anna Lopez', 'English', 6, 6543210987, 5),
('Chris Brown', 'French', 2, 5432109876, 4),
('Emily Wang', 'Mandarin', 7, 4321098765, 5),
('Luis Martinez', 'Spanish', 4, 3210987654, 4),
('Sophia Zhang', 'Mandarin', 3, 2109876543, 4),
('Omar Hassan', 'Arabic', 6, 1098765432, 5),
('Tommy Ng', 'English', 9, 9876543211, 5),
('Lisa Monroe', 'German', 4, 1122334455, 4),
('Mohammed Alai', 'Arabic', 7, 2233445566, 5),
('Kumar Singh', 'Hindi', 5, 3344556677, 4),
('Irina Petrova', 'Russian', 2, 4455667788, 3),
('Yuto Nakamura', 'Japanese', 8, 5566778899, 5),
('Alice Johnson', 'English', 7, 6677889900, 5),
('Marc André', 'French', 3, 7788990011, 4),
('Chiara Rossi', 'Italian', 6, 8899001122, 5),
('Ana Silva', 'Portuguese', 4, 9900112233, 4),
('Peter Müller', 'German', 5, 1011121314, 4),
('Gary North', 'English', 5, 9123456789, 5),
('Helen Snow', 'French', 8, 9234567890, 4),
('Ivan Frost', 'Spanish', 3, 9345678901, 4),
('Judy Ice', 'German', 10, 9456789012, 5),
('Karl Blizzard', 'Italian', 6, 9567890123, 3),
('Linda Polar', 'Russian', 7, 9678901234, 4),
('Mike Chill', 'Japanese', 4, 9789012345, 5),
('Nina Freeze', 'Chinese', 9, 9890123456, 5),
('Oscar Cold', 'Portuguese', 2, 9901234567, 3),
('Paula Glacial', 'Arabic', 11, 9012345678, 5),
('Quentin Snowman', 'Korean', 1, 9123456780, 2),
('Rita Arctic', 'Hindi', 5, 9234567891, 4),
('Sam Winter', 'Bengali', 7, 9345678902, 5),
('Tina Blizzard', 'Urdu', 3, 9456789013, 3),
('Uma Frostbite', 'Tamil', 6, 9567890124, 4),
('Victor Hail', 'Telugu', 8, 9678901235, 5),
('Wendy Snowfall', 'Marathi', 4, 9789012346, 4),
('Xavier Iceberg', 'Gujarati', 9, 9890123457, 5),
('Yvonne Snowflake', 'Punjabi', 2, 9901234568, 3),
('Zach Frozen', 'Malayalam', 10, 9012345679, 5);

INSERT INTO Review (User_ID, Destination_ID, Accommodation_ID, Activity_ID, Rating, Review_Text, Review_Date) VALUES
(1, 1, 1, 1, 5, 'Amazing experience!', '2023-12-10'),
(2, 2, 2, 2, 4, 'Good tour but could be better.', '2023-11-20'),
(3, 3, 3, 3, 5, 'Best holiday ever!', '2024-01-05'),
(4, 4, 4, 4, 5, 'Absolutely fantastic!', '2024-01-15'),
(5, 5, 5, 5, 4, 'Great but expensive.', '2024-02-05'),
(6, 6, 6, 6, 4, 'Enjoyed the tour a lot.', '2024-03-20'),
(7, 7, 7, 7, 5, 'Incredible views!', '2024-04-15'),
(8, 8, 8, 8, 4, 'Loved it, highly recommend.', '2024-05-10'),
(9, 9, 9, 9, 5, 'Unforgettable experience.', '2024-06-05'),
(10, 10, 10, 10, 5, 'Perfect holiday!', '2024-07-10'),
(11, 11, 11, 11, 4, 'Very relaxing.', '2024-08-05'),
(12, 12, 12, 12, 3, 'Historical, but too crowded.', '2024-08-15'),
(13, 13, 13, 13, 5, 'Shopping paradise!', '2024-08-25'),
(14, 14, 14, 14, 5, 'Best beach experience!', '2024-09-05'),
(15, 15, 15, 15, 5, 'Night to remember!', '2024-09-15'),
(16, 16, 16, 16, 4, 'Stunning views!', '2024-09-25'),
(17, 17, 17, 17, 4, 'Tasty food tour!', '2024-10-05'),
(18, 18, 18, 18, 3, 'Informative but short.', '2024-10-15'),
(19, 19, 19, 19, 5, 'A must-visit park!', '2024-10-25'),
(20, 20, 20, 20, 5, 'Vegas at night is incredible!', '2024-11-05'),
(21, 21, 21, 21, 4, 'Loved the Winter Wonderland, especially the ice sculptures and markets.', '2024-12-22'),
(22, 22, 22, 22, 3, 'Frostbite Falls was okay, but some activities were underwhelming.', '2024-12-16'),
(23, 23, 23, 23, 5, 'Polar Paradise exceeded my expectations with the Northern Lights!', '2024-12-19'),
(24, 24, 24, 24, 4, 'Glacier Bay offers breathtaking views and great hiking trails.', '2024-12-11'),
(25, 25, 25, 25, 5, 'Snowy Peaks Resort is the best place for winter sports.', '2024-12-12'),
(26, 26, 26, 26, 3, 'Iceberg Isle was nice but a bit too crowded.', '2024-12-14'),
(27, 27, 27, 27, 5, 'Crystal Caverns are stunning! A must-visit during winter.', '2024-12-15'),
(28, 28, 28, 28, 4, 'Frosty Forest offers peaceful trails and beautiful scenery.', '2024-12-20'),
(29, 29, 29, 29, 3, 'Blizzard Bay had great snowmobile adventures but could improve in service.', '2024-12-17'),
(30, 30, 30, 30, 5, 'Aurora Ridge provided an unforgettable view of the Northern Lights.', '2024-12-05'),
(31, 31, 31, 31, 4, 'Sleigh Ride City was fun with festive markets and rides.', '2024-12-10'),
(32, 32, 32, 32, 5, 'Chillville is fantastic for ice sculpting workshops!', '2024-12-08'),
(33, 33, 33, 33, 4, 'Snowflake Shores Resort had lovely beach bonfires.', '2024-12-14'),
(34, 34, 34, 34, 4, 'Glacial Gardens are beautiful and well-maintained.', '2024-12-15'),
(35, 35, 35, 35, 3, 'Icebound Oasis has good ice fishing spots, but limited options.', '2024-12-18'),
(36, 36, 36, 36, 4, 'Winter Bliss Park is perfect for families with children.', '2024-12-19'),
(37, 37, 37, 37, 5, 'Snow Paradise offers grand snow castles and exciting parades!', '2024-12-23'),
(38, 38, 38, 38, 5, 'Frozen Fantasy Resort is a dream with its fantasy ice shows.', '2024-12-12'),
(39, 39, 39, 39, 4, 'Snow Peak is great for mountain hiking, highly recommended.', '2024-12-13');



INSERT INTO Booking (Itinerary_ID, User_ID, Booking_Date, Total_Cost, Payment_Status, Accommodation_ID, Activity_ID, Schedule_ID) VALUES
(1, 1, '2023-12-01', 12000, 'Paid', 1, 1, 1),
(2, 2, '2023-11-15', 800.75, 'Pending', 2, 2, 2),
(3, 3, '2023-12-25', 1500.00, 'Paid', 3, 3, 3),
(4, 4, '2024-01-10', 950.00, 'Paid', 4, 4, 4),
(5, 5, '2024-02-01', 1300.00, 'Pending', 5, 5, 5),
(6, 6, '2024-03-15', 850.00, 'Paid', 6, 6, 6),
(7, 7, '2024-04-10', 1250.00, 'Paid', 7, 7, 7),
(8, 8, '2024-05-01', 700.00, 'Pending', 8, 8, 8),
(9, 9, '2024-06-01', 600.00, 'Paid', 9, 9, 9),
(10, 10, '2024-07-01', 1100.00, 'Pending', 10, 10, 10),
(11, 11, '2024-08-01', 950.00, 'Paid', 11, 11, 11),
(12, 12, '2024-08-10', 600.00, 'Pending', 12, 12, 12),
(13, 13, '2024-08-20', 800.00, 'Paid', 13, 13, 13),
(14, 14, '2024-09-01', 1800.00, 'Paid', 14, 14, 14),
(15, 15, '2024-09-10', 1000.00, 'Pending', 15, 15, 15),
(16, 16, '2024-09-20', 750.00, 'Paid', 16, 16, 16),
(17, 17, '2024-10-01', 700.00, 'Paid', 17, 17, 17),
(18, 18, '2024-10-10', 650.00, 'Pending', 18, 18, 18),
(19, 19, '2024-10-20', 11000.00, 'Paid', 19, 19, 19),
(20, 20, '2024-11-01', 2000.00, 'Pending', 20, 20, 20),
(21, 21, '2024-12-22', 1500.0, 'Pending', 21, 21, 21),
(22, 22, '2024-12-15', 900.0, 'Canceled', 22, 22, 22),
(23, 23, '2024-12-18', 2000.0, 'Paid', 23, 23, 23),
(24, 24, '2024-12-10', 1800.0, 'Paid', 24, 24, 24),
(25, 25, '2024-12-05', 1600.0, 'Pending', 25, 25, 25),
(26, 26, '2024-12-12', 1100.0, 'Paid', 26, 26, 26),
(27, 27, '2024-12-08', 1300.0, 'Paid', 27, 27, 27),
(28, 28, '2024-12-14', 1000.0, 'Canceled', 28, 28, 28),
(29, 29, '2024-12-19', 1400.0, 'Paid', 29, 29, 29),
(30, 30, '2024-12-01', 1700.0, 'Paid', 30, 30, 30),
(31, 31, '2024-12-16', 1250.0, 'Pending', 31, 31, 31),
(32, 32, '2024-12-03', 950.0, 'Paid', 32, 32, 32),
(33, 33, '2024-12-07', 1150.0, 'Canceled', 33, 33, 33),
(34, 34, '2024-12-09', 1350.0, 'Paid', 34, 34, 34),
(35, 35, '2024-12-11', 1050.0, 'Paid', 35, 35, 35),
(36, 36, '2024-12-13', 1250.0, 'Pending', 36, 36, 36),
(37, 37, '2024-12-17', 1450.0, 'Paid', 37, 37, 37),
(38, 38, '2024-12-04', 1600.0, 'Pending', 38, 38, 38),
(39, 39, '2024-12-06', 1150.0, 'Paid', 39, 39, 39);

INSERT INTO Payment (Booking_ID, Payment_Method, Payment_Amount, Payment_Status, Transaction_Date) VALUES
(1, 'Credit Card', 1200.50, 'Paid', '2023-12-01'),
(2, 'UPI', 800.75, 'Pending', '2023-11-15'),
(3, 'Debit Card', 1500.00, 'Paid', '2023-12-25'),
(4, 'Cash', 950.00, 'Paid', '2024-01-10'),
(5, 'Credit Card', 1300.00, 'Pending', '2024-02-01'),
(6, 'UPI', 850.00, 'Paid', '2024-03-15'),
(7, 'Debit Card', 1250.00, 'Paid', '2024-04-10'),
(8, 'Cash', 700.00, 'Pending', '2024-05-01'),
(9, 'Credit Card', 600.00, 'Paid', '2024-06-01'),
(10, 'UPI', 1100.00, 'Pending', '2024-07-01'),
(11, 'Credit Card', 950.00, 'Paid', '2024-08-01'),
(12, 'UPI', 600.00, 'Pending', '2024-08-10'),
(13, 'Debit Card', 800.00, 'Paid', '2024-08-20'),
(14, 'Cash', 1800.00, 'Paid', '2024-09-01'),
(15, 'Credit Card', 1000.00, 'Pending', '2024-09-10'),
(16, 'UPI', 750.00, 'Paid', '2024-09-20'),
(17, 'Debit Card', 700.00, 'Paid', '2024-10-01'),
(18, 'Cash', 650.00, 'Pending', '2024-10-10'),
(19, 'Credit Card', 1100.00, 'Paid', '2024-10-20'),
(20, 'UPI', 2000.00, 'Pending', '2024-11-01'),
(21, 'Debit Card', 1500.0, 'Pending', '2024-12-22 11:00:00'),
(22, 'Cash', 900.0, 'Failed', '2024-12-15 09:00:00'),
(23, 'UPI', 2000.0, 'Paid', '2024-12-18 14:00:00'),
(24, 'Credit Card', 1800.0, 'Paid', '2024-12-10 12:00:00'),
(25, 'Debit Card', 1600.0, 'Pending', '2024-12-05 16:00:00'),
(26, 'UPI', 1100.0, 'Paid', '2024-12-12 10:30:00'),
(27, 'Credit Card', 1300.0, 'Paid', '2024-12-08 09:45:00'),
(28, 'Cash', 1000.0, 'Paid', '2024-12-14 13:20:00'),
(29, 'UPI', 1400.0, 'Paid', '2024-12-19 15:50:00'),
(30, 'Credit Card', 1700.0, 'Paid', '2024-12-01 08:10:00'),
(31, 'Debit Card', 1250.0, 'Pending', '2024-12-16 17:00:00'),
(32, 'UPI', 950.0, 'Paid', '2024-12-03 11:30:00'),
(33, 'Cash', 1150.0, 'Paid', '2024-12-07 10:00:00'),
(34, 'Credit Card', 1350.0, 'Paid', '2024-12-09 14:20:00'),
(35, 'Debit Card', 1050.0, 'Paid', '2024-12-11 12:40:00'),
(36, 'UPI', 1250.0, 'Paid', '2024-12-13 16:50:00'),
(37, 'Credit Card', 1450.0, 'Paid', '2024-12-17 19:00:00'),
(38, 'Debit Card', 1600.0, 'Pending', '2024-12-04 13:30:00'),
(39, 'UPI', 1150.0, 'Paid', '2024-12-06 09:15:00');




INSERT INTO Booking_Schedule (Schedule_ID, Booking_ID, StartDate, EndDate) VALUES
(1, 1, '2023-12-01', '2023-12-10'),
(2, 2, '2023-11-15', '2023-11-20'),
(3, 3, '2023-12-25', '2024-01-05'),
(4, 4, '2024-01-10', '2024-01-15'),
(5, 5, '2024-02-01', '2024-02-05'),
(6, 6, '2024-03-15', '2024-03-20'),
(7, 7, '2024-04-10', '2024-04-15'),
(8, 8, '2024-05-01', '2024-05-10'),
(9, 9, '2024-06-01', '2024-06-05'),
(10, 10, '2024-07-01', '2024-07-10'),
(11, 11, '2024-08-01', '2024-08-05'),
(12, 12, '2024-08-10', '2024-08-15'),
(13, 13, '2024-08-20', '2024-08-25'),
(14, 14, '2024-09-01', '2024-09-05'),
(15, 15, '2024-09-10', '2024-09-15'),
(16, 16, '2024-09-20', '2024-09-25'),
(17, 17, '2024-10-01', '2024-10-05'),
(18, 18, '2024-10-10', '2024-10-15'),
(19, 19, '2024-10-20', '2024-10-25'),
(20, 20, '2024-11-01', '2024-11-05'),
(21, 21, '2024-12-22', '2024-12-22'),
(22, 22, '2024-12-15', '2024-12-15'),
(23, 23, '2024-12-18', '2024-12-18'),
(24, 24, '2024-12-10', '2024-12-10'),
(25, 25, '2024-12-05', '2024-12-05'),
(26, 26, '2024-12-12', '2024-12-12'),
(27, 27, '2024-12-08', '2024-12-08'),
(28, 28, '2024-12-14', '2024-12-14'),
(29, 29, '2024-12-19', '2024-12-19'),
(30, 30, '2024-12-01', '2024-12-01'),
(31, 31, '2024-12-16', '2024-12-16'),
(32, 32, '2024-12-03', '2024-12-03'),
(33, 33, '2024-12-07', '2024-12-07'),
(34, 34, '2024-12-09', '2024-12-09'),
(35, 35, '2024-12-11', '2024-12-11'),
(36, 36, '2024-12-13', '2024-12-13'),
(37, 37, '2024-12-17', '2024-12-17'),
(38, 38, '2024-12-04', '2024-12-04'),
(39, 39, '2024-12-06', '2024-12-06');






INSERT INTO Guide_Contract (Activity_ID, Guide_ID, ContractStartDate, ContractEndDate) VALUES
(1, 1, '2024-01-10', '2024-01-12'),
(2, 2, '2024-01-15', '2024-01-17'),
(3, 3, '2024-01-20', '2024-01-22'),
(4, 4, '2024-01-25', '2024-01-27'),
(5, 5, '2024-02-01', '2024-02-03'),
(6, 6, '2024-02-05', '2024-02-07'),
(7, 7, '2024-02-10', '2024-02-12'),
(8, 8, '2024-02-15', '2024-02-17'),
(9, 9, '2024-02-20', '2024-02-22'),
(10, 10, '2024-02-25', '2024-02-27'),
(11, 1, '2024-03-01', '2024-03-03'),
(12, 2, '2024-03-05', '2024-03-07'),
(13, 3, '2024-03-10', '2024-03-12'),
(14, 4, '2024-03-15', '2024-03-17'),
(15, 5, '2024-03-20', '2024-03-22'),
(16, 6, '2024-03-25', '2024-03-27'),
(17, 7, '2024-03-30', '2024-04-01'),
(18, 8, '2024-04-04', '2024-04-06'),
(19, 9, '2024-04-09', '2024-04-11'),
(20, 10, '2024-04-14', '2024-04-16'),
(21, 21, '2024-12-05', '2024-12-25'),
(22, 22, '2024-12-10', '2024-12-20'),
(23, 23, '2024-12-15', '2024-12-30'),
(24, 24, '2024-12-18', '2024-12-28'),
(25, 25, '2024-12-20', '2024-12-31'),
(26, 26, '2024-12-22', '2024-12-27'),
(27, 27, '2024-12-25', '2024-12-31'),
(28, 28, '2024-12-26', '2024-12-31'),
(29, 29, '2024-12-28', '2024-12-31'),
(30, 30, '2024-12-01', '2024-12-31'),
(31, 31, '2024-12-03', '2024-12-31'),
(32, 32, '2024-12-04', '2024-12-31'),
(33, 33, '2024-12-06', '2024-12-31'),
(34, 34, '2024-12-07', '2024-12-31'),
(35, 35, '2024-12-09', '2024-12-31'),
(36, 36, '2024-12-11', '2024-12-31'),
(37, 37, '2024-12-13', '2024-12-31'),
(38, 38, '2024-12-14', '2024-12-31'),
(39, 39, '2024-12-16', '2024-12-31');

INSERT INTO Accommodation_Contract (Agency_ID, Accommodation_ID, ContractStartDate, ContractEndDate) VALUES
(1, 1, '2024-01-01', '2024-12-31'),
(2, 2, '2024-01-01', '2024-12-31'),
(3, 3, '2024-01-01', '2024-12-31'),
(4, 4, '2024-01-01', '2024-12-31'),
(5, 5, '2024-01-01', '2024-12-31'),
(6, 6, '2024-01-01', '2024-12-31'),
(7, 7, '2024-01-01', '2024-12-31'),
(8, 8, '2024-01-01', '2024-12-31'),
(9, 9, '2024-01-01', '2024-12-31'),
(10, 10, '2024-01-01', '2024-12-31'),
(11, 11, '2024-01-01', '2024-12-31'),
(12, 12, '2024-01-01', '2024-12-31'),
(13, 13, '2024-01-01', '2024-12-31'),
(14, 14, '2024-01-01', '2024-12-31'),
(15, 15, '2024-01-01', '2024-12-31'),
(16, 16, '2024-01-01', '2024-12-31'),
(17, 17, '2024-01-01', '2024-12-31'),
(18, 18, '2024-01-01', '2024-12-31'),
(19, 19, '2024-01-01', '2024-12-31'),
(20, 20, '2024-01-01', '2024-12-31'),
(21, 21, '2024-02-01', '2024-12-31'),
(22, 22, '2024-03-01', '2024-12-31'),
(23, 23, '2024-04-01', '2024-12-31'),
(24, 24, '2024-05-01', '2024-12-31'),
(25, 25, '2024-06-01', '2024-12-31'),
(26, 26, '2024-07-01', '2024-12-31'),
(27, 27, '2024-08-01', '2024-12-31'),
(28, 28, '2024-09-01', '2024-12-31'),
(29, 29, '2024-10-01', '2024-12-31'),
(30, 30, '2024-11-01', '2024-12-31'),
(31, 31, '2024-01-15', '2024-12-31'),
(32, 32, '2024-02-15', '2024-12-31'),
(33, 33, '2024-03-15', '2024-12-31'),
(34, 34, '2024-04-15', '2024-12-31'),
(35, 35, '2024-05-15', '2024-12-31'),
(36, 36, '2024-06-15', '2024-12-31'),
(37, 37, '2024-07-15', '2024-12-31'),
(38, 38, '2024-08-15', '2024-12-31'),
(39, 39, '2024-09-15', '2024-12-31');

INSERT INTO Asset_Contract (Agency_ID, Asset_ID, ContractStartDate, ContractEndDate) VALUES
(1, 1, '2024-01-01', '2024-12-31'),
(2, 2, '2024-01-01', '2024-12-31'),
(3, 3, '2024-01-01', '2024-12-31'),
(4, 4, '2024-01-01', '2024-12-31'),
(5, 5, '2024-01-01', '2024-12-31'),
(6, 6, '2024-01-01', '2024-12-31'),
(7, 7, '2024-01-01', '2024-12-31'),
(8, 8, '2024-01-01', '2024-12-31'),
(9, 9, '2024-01-01', '2024-12-31'),
(10, 10, '2024-01-01', '2024-12-31'),
(11, 11, '2024-01-01', '2024-12-31'),
(12, 12, '2024-01-01', '2024-12-31'),
(13, 13, '2024-01-01', '2024-12-31'),
(14, 14, '2024-01-01', '2024-12-31'),
(15, 15, '2024-01-01', '2024-12-31'),
(16, 16, '2024-01-01', '2024-12-31'),
(17, 17, '2024-01-01', '2024-12-31'),
(18, 18, '2024-01-01', '2024-12-31'),
(19, 19, '2024-01-01', '2024-12-31'),
(20, 20, '2024-01-01', '2024-12-31'),
(21, 21, '2024-02-01', '2024-12-31'),
(22, 22, '2024-03-01', '2024-12-31'),
(23, 23, '2024-04-01', '2024-12-31'),
(24, 24, '2024-05-01', '2024-12-31'),
(25, 25, '2024-06-01', '2024-12-31'),
(26, 26, '2024-07-01', '2024-12-31'),
(27, 27, '2024-08-01', '2024-12-31'),
(28, 28, '2024-09-01', '2024-12-31'),
(29, 29, '2024-10-01', '2024-12-31'),
(30, 30, '2024-11-01', '2024-12-31'),
(31, 31, '2024-01-15', '2024-12-31'),
(32, 32, '2024-02-15', '2024-12-31'),
(33, 33, '2024-03-15', '2024-12-31'),
(34, 34, '2024-04-15', '2024-12-31'),
(35, 35, '2024-05-15', '2024-12-31'),
(36, 36, '2024-06-15', '2024-12-31'),
(37, 37, '2024-07-15', '2024-12-31'),
(38, 38, '2024-08-15', '2024-12-31'),
(39, 39, '2024-09-15', '2024-12-31');